﻿<component name="ProjectRunConfigurationManager">
  <configuration default="false" name="Add Migration" type="ShConfigurationType">
    <option name="SCRIPT_TEXT" value="" />
    <option name="INDEPENDENT_SCRIPT_PATH" value="false" />
    <option name="SCRIPT_PATH" value="$PROJECT_DIR$/Backend/Migrations/createMigration.sh" />
    <option name="SCRIPT_OPTIONS" value="" />
    <option name="INDEPENDENT_SCRIPT_WORKING_DIRECTORY" value="true" />
    <option name="SCRIPT_WORKING_DIRECTORY" value="$PROJECT_DIR$/Backend" />
    <option name="INDEPENDENT_INTERPRETER_PATH" value="false" />
    <option name="INTERPRETER_PATH" value="$PROJECT_DIR$/../../../../../cygwin64/bin/sh.exe" />
    <option name="INTERPRETER_OPTIONS" value="" />
    <option name="EXECUTE_IN_TERMINAL" value="true" />
    <option name="EXECUTE_SCRIPT_FILE" value="true" />
    <envs />
    <method v="2" />
  </configuration>
</component>